                  epoch,         train/box_loss,         train/cls_loss,         train/dfl_loss,   metrics/precision(B),      metrics/recall(B),       metrics/mAP50(B),    metrics/mAP50-95(B),           val/box_loss,           val/cls_loss,           val/dfl_loss,                 lr/pg0,                 lr/pg1,                 lr/pg2
                      1,                 2.8924,                 6.8454,                 2.5418,                0.00715,                 0.0411,                0.00157,                0.00054,                  2.775,                 6.7829,                 2.4781,                 0.0001,                 0.0001,                 0.0001
                      2,                 2.2699,                 4.7107,                 2.0818,                0.34905,                0.19178,                0.18228,                0.05218,                 2.4154,                  8.277,                 2.0318,             0.00021891,             0.00021891,             0.00021891
                      3,                 2.0663,                 2.4308,                 1.7197,                0.58879,                0.49039,                 0.4515,                0.13886,                  2.521,                  3.547,                  2.152,             0.00033663,             0.00033663,             0.00033663
                      4,                 1.9429,                 2.0467,                 1.6448,                 0.5183,                0.60274,                0.54546,                0.21224,                 2.2525,                 3.1727,                  1.869,             0.00045317,             0.00045317,             0.00045317
                      5,                 1.9285,                 1.8028,                 1.6605,                0.70513,                0.52419,                0.59034,                0.19722,                  2.256,                 2.9751,                 1.8316,             0.00056852,             0.00056852,             0.00056852
                      6,                   1.85,                 1.5853,                 1.5483,                0.51284,                0.34247,                0.32875,                0.11808,                 2.2435,                 2.8531,                 1.7878,             0.00068267,             0.00068267,             0.00068267
                      7,                 1.8852,                 1.5982,                 1.5947,                0.00721,                0.31507,                0.00554,                0.00201,                 2.4841,                 55.196,                 2.1582,             0.00079565,             0.00079565,             0.00079565
                      8,                 1.8477,                 1.5326,                 1.5997,                0.01279,                0.43836,                 0.0089,                0.00353,                 2.3485,                 112.97,                 1.9934,             0.00090743,             0.00090743,             0.00090743
                      9,                  1.842,                 1.6609,                  1.613,                0.63798,                0.23288,                  0.278,                0.09636,                 2.5234,                 2.8772,                 2.1812,               0.001018,               0.001018,               0.001018
                     10,                 1.8648,                 1.4981,                 1.5723,                0.00769,                0.35616,                0.00559,                0.00208,                 2.6151,                    inf,                 3.7134,              0.0011274,              0.0011274,              0.0011274
                     11,                 1.9207,                 1.5533,                 1.6953,                0.30994,                0.20548,                0.13876,                0.05721,                    2.5,                 3.3306,                 2.2605,              0.0012357,              0.0012357,              0.0012357
                     12,                 1.8207,                  1.458,                 1.5744,                0.19004,                0.16438,                0.10218,                0.03825,                 2.5929,                  4.096,                 2.2632,              0.0013427,              0.0013427,              0.0013427
                     13,                 1.7437,                 1.4106,                 1.5035,                0.21143,                0.28767,                0.14476,                0.06121,                 2.2687,                  3.761,                 2.0256,              0.0014485,              0.0014485,              0.0014485
                     14,                 1.7243,                  1.289,                 1.4677,                0.10307,                0.28767,                0.07605,                0.02446,                 2.5561,                 5.2089,                 2.2279,              0.0015532,              0.0015532,              0.0015532
                     15,                  1.824,                 1.2572,                 1.5722,                0.10572,                0.43836,                0.07562,                0.02745,                 2.2971,                 6.3242,                 2.0088,              0.0016566,              0.0016566,              0.0016566
                     16,                 1.7888,                  1.289,                 1.5794,                0.02782,                0.56164,                0.02444,                0.00931,                 2.2961,                 56.914,                 2.0415,              0.0017589,              0.0017589,              0.0017589
                     17,                 1.7931,                 1.3866,                 1.5553,                0.01327,                0.58904,                0.01139,                0.00403,                 2.4397,                    inf,                 2.9835,              0.0018416,              0.0018416,              0.0018416
                     18,                 1.8119,                  1.365,                 1.5746,                0.05213,                0.50685,                0.03947,                0.01512,                 2.2718,                 23.699,                 2.0224,              0.0018416,              0.0018416,              0.0018416
                     19,                 1.6798,                 1.2107,                 1.5286,                0.27966,                0.32877,                0.18054,                0.07727,                 2.1913,                 3.2831,                 1.9425,              0.0018317,              0.0018317,              0.0018317
                     20,                 1.7823,                 1.2548,                 1.5697,                0.15253,                0.24658,                 0.0833,                0.03342,                 2.2675,                 5.0451,                 1.9368,              0.0018218,              0.0018218,              0.0018218
                     21,                 1.8036,                 1.3652,                 1.6012,                0.26316,                0.31507,                0.16455,                0.05983,                  2.419,                 3.3969,                 2.0665,              0.0018119,              0.0018119,              0.0018119
                     22,                  1.721,                  1.374,                  1.578,                0.47064,                0.38356,                0.34581,                0.14487,                 2.4576,                 4.9679,                 2.2014,               0.001802,               0.001802,               0.001802
                     23,                 1.7396,                 1.3591,                 1.5698,                0.50382,                0.38953,                0.39141,                0.15808,                 2.3873,                 3.4559,                 2.0255,              0.0017921,              0.0017921,              0.0017921
                     24,                 1.7463,                 1.3885,                 1.5676,                0.51791,                0.46575,                0.44398,                0.18553,                 2.3014,                 5.0307,                 2.0831,              0.0017822,              0.0017822,              0.0017822
                     25,                 1.7198,                 1.2745,                 1.5534,                0.62861,                0.45205,                 0.5095,                0.18932,                 2.2698,                 3.5882,                 2.1158,              0.0017723,              0.0017723,              0.0017723
                     26,                 1.7144,                 1.2437,                 1.5301,                0.62338,                0.49315,                 0.5356,                0.20847,                 2.2416,                 2.2751,                 1.9113,              0.0017624,              0.0017624,              0.0017624
                     27,                 1.7008,                 1.1736,                 1.4908,                0.63108,                0.53425,                0.57248,                0.21735,                 2.3431,                 2.2201,                 1.9714,              0.0017525,              0.0017525,              0.0017525
                     28,                 1.7231,                  1.154,                  1.532,                0.71941,                0.42152,                0.49276,                0.19889,                 2.2726,                 2.7847,                 1.9684,              0.0017426,              0.0017426,              0.0017426
                     29,                  1.722,                 1.1054,                 1.5561,                 0.5097,                0.42466,                 0.4033,                0.16329,                 2.2514,                 3.1189,                 1.9717,              0.0017327,              0.0017327,              0.0017327
                     30,                 1.7088,                 1.1665,                 1.5766,                0.52285,                0.43836,                0.40006,                0.16636,                 2.2908,                 2.9714,                  2.053,              0.0017228,              0.0017228,              0.0017228
                     31,                 1.6603,                  1.052,                 1.4956,                0.59916,                0.42466,                0.47439,                 0.1969,                 2.3103,                 2.8631,                 2.0495,              0.0017129,              0.0017129,              0.0017129
                     32,                 1.7033,                 1.1303,                 1.4823,                0.59097,                0.45205,                0.44238,                0.18359,                 2.2613,                 2.6896,                 1.9875,               0.001703,               0.001703,               0.001703
                     33,                  1.509,                 1.0689,                 1.4314,                 0.6546,                0.43836,                0.49493,                  0.183,                   2.34,                  2.039,                 2.0145,              0.0016931,              0.0016931,              0.0016931
                     34,                 1.6191,                 1.0564,                 1.4454,                0.52448,                0.57534,                0.55842,                0.21051,                 2.2373,                 1.5337,                 1.9509,              0.0016832,              0.0016832,              0.0016832
                     35,                 1.5118,                 1.0022,                 1.4239,                0.75554,                0.52055,                0.63891,                0.23832,                 2.2355,                 1.4661,                 1.9219,              0.0016733,              0.0016733,              0.0016733
                     36,                 1.5493,                 0.9961,                 1.3998,                0.70706,                0.49315,                0.55532,                0.19694,                 2.4249,                 1.5315,                 2.1122,              0.0016634,              0.0016634,              0.0016634
                     37,                 1.5167,                  1.002,                 1.4152,                 0.6388,                0.53425,                0.50124,                0.19214,                 2.3496,                 1.6461,                 2.0426,              0.0016535,              0.0016535,              0.0016535
                     38,                 1.6289,                 1.0616,                 1.5092,                0.60588,                0.43836,                0.48161,                0.20093,                 2.3658,                 1.5841,                 2.0087,              0.0016436,              0.0016436,              0.0016436
                     39,                  1.542,                 1.0023,                 1.4214,                0.41884,                0.56164,                0.46057,                0.16476,                 2.5043,                 1.6444,                 2.1655,              0.0016337,              0.0016337,              0.0016337
                     40,                 1.6289,                 1.0375,                 1.5136,                 0.5265,                0.47224,                0.44041,                0.17426,                 2.3229,                 1.7741,                 1.9411,              0.0016238,              0.0016238,              0.0016238
                     41,                 1.5172,                 1.0089,                  1.419,                0.50978,                0.49315,                0.46544,                0.17806,                  2.286,                  1.641,                 1.9037,              0.0016139,              0.0016139,              0.0016139
                     42,                 1.5526,                 1.1311,                 1.4227,                0.69295,                0.52055,                0.60645,                0.24516,                 2.2442,                 1.5192,                 1.8739,               0.001604,               0.001604,               0.001604
                     43,                 1.5432,                 1.0623,                 1.3982,                0.62179,                0.54795,                0.58445,                 0.2391,                 2.2824,                 1.4521,                 1.8348,              0.0015941,              0.0015941,              0.0015941
                     44,                 1.5757,                 1.0102,                  1.403,                0.45296,                0.49315,                0.43755,                 0.1795,                  2.294,                 1.6478,                 1.8929,              0.0015842,              0.0015842,              0.0015842
                     45,                  1.452,                 1.0115,                 1.3355,                0.61561,                0.41096,                0.49337,                 0.1962,                 2.2866,                 1.6224,                 1.8298,              0.0015743,              0.0015743,              0.0015743
                     46,                 1.4764,                0.94619,                 1.3531,                0.71379,                0.54664,                0.59252,                0.24824,                  2.227,                 1.5297,                 1.8212,              0.0015644,              0.0015644,              0.0015644
                     47,                  1.495,                0.99305,                 1.3526,                0.75678,                0.50685,                0.56765,                0.22029,                 2.3225,                 1.4816,                 1.8816,              0.0015545,              0.0015545,              0.0015545
                     48,                 1.5467,                0.97491,                  1.438,                0.69419,                0.52868,                0.54567,                0.20227,                 2.3128,                 1.6036,                  1.875,              0.0015446,              0.0015446,              0.0015446
                     49,                  1.468,                0.93267,                 1.3906,                0.70306,                0.52055,                0.52956,                0.21856,                 2.2722,                 1.6448,                 1.8567,              0.0015347,              0.0015347,              0.0015347
                     50,                 1.4885,                0.95279,                 1.3556,                0.58591,                0.65901,                 0.5978,                0.23052,                 2.2402,                 1.5336,                  1.819,              0.0015248,              0.0015248,              0.0015248
                     51,                  1.443,                0.96199,                 1.4009,                0.68362,                0.60274,                0.61219,                0.23704,                 2.2321,                 1.4205,                 1.8603,              0.0015149,              0.0015149,              0.0015149
                     52,                 1.4303,                0.91762,                 1.3275,                0.57121,                0.45626,                0.44746,                0.19522,                 2.3206,                 1.8248,                 1.9726,               0.001505,               0.001505,               0.001505
                     53,                  1.456,                0.89247,                 1.3726,                0.50534,                 0.5318,                 0.4683,                0.18242,                 2.3266,                 1.6806,                 1.9704,              0.0014951,              0.0014951,              0.0014951
                     54,                 1.3782,                0.87542,                  1.301,                0.74669,                0.47945,                0.50533,                 0.1934,                 2.2686,                 1.6922,                 1.9706,              0.0014852,              0.0014852,              0.0014852
                     55,                  1.447,                0.89612,                 1.4063,                0.75824,                0.49315,                0.56768,                0.21656,                 2.2589,                 1.6693,                  1.966,              0.0014753,              0.0014753,              0.0014753
                     56,                 1.4914,                0.91975,                  1.426,                 0.7987,                0.56164,                0.61169,                0.24319,                 2.1723,                 1.4445,                 1.8971,              0.0014654,              0.0014654,              0.0014654
                     57,                 1.4094,                0.85439,                 1.3346,                 0.6668,                0.61644,                0.63204,                0.26374,                 2.1269,                 1.3861,                 1.8567,              0.0014555,              0.0014555,              0.0014555
                     58,                 1.3468,                0.83426,                 1.2773,                0.71644,                0.63014,                0.69647,                0.26828,                 2.2198,                 1.2609,                  1.885,              0.0014456,              0.0014456,              0.0014456
                     59,                 1.3783,                0.84755,                 1.3472,                0.79087,                 0.6217,                0.70498,                0.27372,                  2.178,                 1.3078,                 1.8175,              0.0014357,              0.0014357,              0.0014357
                     60,                  1.329,                  0.836,                 1.2922,                0.83475,                0.60274,                0.74201,                0.28355,                 2.1861,                 1.3831,                 1.8358,              0.0014258,              0.0014258,              0.0014258
                     61,                 1.4318,                0.90794,                 1.3341,                0.77461,                0.61207,                0.67653,                0.26515,                 2.2453,                  1.328,                 1.8767,              0.0014159,              0.0014159,              0.0014159
                     62,                 1.3828,                 0.8332,                 1.2975,                0.66983,                0.55589,                0.65159,                0.28097,                 2.1852,                 1.4177,                   1.82,               0.001406,               0.001406,               0.001406
                     63,                 1.2958,                0.76021,                 1.2843,                0.78874,                0.49315,                0.63105,                0.25086,                 2.2283,                 1.4046,                  1.888,              0.0013961,              0.0013961,              0.0013961
                     64,                 1.3403,                0.82785,                  1.302,                0.77058,                0.52055,                0.64814,                 0.2575,                 2.1643,                 1.3387,                  1.877,              0.0013862,              0.0013862,              0.0013862
                     65,                 1.2832,                0.82769,                 1.2396,                0.69034,                0.64134,                0.69008,                0.27597,                 2.1592,                 1.2313,                 1.8615,              0.0013763,              0.0013763,              0.0013763
                     66,                 1.3793,                0.86316,                 1.3144,                0.64472,                0.65753,                0.68922,                0.27326,                 2.2345,                 1.1843,                  1.878,              0.0013664,              0.0013664,              0.0013664
                     67,                  1.346,                0.85794,                 1.3102,                0.75894,                0.57534,                0.69948,                0.27523,                 2.1643,                 1.2294,                 1.8469,              0.0013565,              0.0013565,              0.0013565
                     68,                 1.2943,                0.81768,                 1.3004,                0.74306,                0.64384,                0.69943,                0.27725,                 2.1619,                 1.2215,                 1.9061,              0.0013466,              0.0013466,              0.0013466
                     69,                 1.2446,                0.76619,                 1.2555,                0.76524,                0.67123,                0.71699,                 0.2861,                 2.2174,                 1.2033,                 1.8787,              0.0013367,              0.0013367,              0.0013367
                     70,                  1.333,                0.80602,                 1.2483,                0.78566,                0.60257,                0.70449,                0.26573,                 2.3354,                 1.2443,                 1.9484,              0.0013268,              0.0013268,              0.0013268
                     71,                 1.2667,                0.74308,                 1.2385,                0.69703,                0.69338,                0.74607,                0.29443,                  2.233,                 1.2093,                 1.8768,              0.0013169,              0.0013169,              0.0013169
                     72,                 1.3575,                0.75967,                 1.2761,                0.75469,                0.61644,                0.69211,                0.27837,                 2.1608,                 1.4733,                 1.8479,               0.001307,               0.001307,               0.001307
                     73,                 1.3448,                0.80271,                 1.2518,                0.72433,                0.57534,                0.66141,                0.26666,                 2.2091,                  1.597,                 1.8525,              0.0012971,              0.0012971,              0.0012971
                     74,                 1.3439,                0.79812,                 1.2876,                0.78954,                 0.6167,                0.72682,                0.25903,                 2.2044,                  1.465,                 1.8563,              0.0012872,              0.0012872,              0.0012872
                     75,                 1.2341,                0.77898,                 1.2172,                0.71773,                0.65753,                0.68911,                 0.2677,                 2.1629,                 1.4439,                 1.8433,              0.0012773,              0.0012773,              0.0012773
                     76,                 1.2289,                0.74007,                 1.2246,                0.78815,                0.50685,                0.60937,                0.25478,                 2.1216,                 1.6265,                 1.8477,              0.0012674,              0.0012674,              0.0012674
                     77,                 1.2108,                0.72354,                 1.2533,                0.82864,                0.52999,                0.62046,                0.25904,                 2.1424,                 1.6108,                 1.8887,              0.0012575,              0.0012575,              0.0012575
                     78,                 1.2578,                 0.7587,                 1.2345,                0.74099,                0.54866,                 0.6331,                0.26625,                 2.2009,                 1.6159,                 1.8867,              0.0012476,              0.0012476,              0.0012476
                     79,                  1.286,                0.75754,                  1.255,                0.74019,                0.58545,                0.59931,                0.26261,                 2.2518,                  1.595,                 1.8978,              0.0012377,              0.0012377,              0.0012377
                     80,                 1.2132,                0.73643,                 1.2231,                0.69264,                0.52486,                0.56703,                0.25434,                  2.238,                 1.6861,                 1.9097,              0.0012278,              0.0012278,              0.0012278
                     81,                  1.222,                0.70411,                 1.2076,                 0.7574,                 0.4705,                0.57006,                0.26568,                  2.216,                 1.5937,                  1.883,              0.0012179,              0.0012179,              0.0012179
                     82,                 1.1516,                0.71304,                 1.1943,                0.74766,                0.52055,                0.60404,                0.25179,                    2.3,                 1.7449,                 1.9542,               0.001208,               0.001208,               0.001208
                     83,                 1.1586,                 0.7307,                 1.2319,                0.79066,                0.52055,                0.62217,                0.25024,                 2.3053,                 1.7765,                 1.9914,              0.0011981,              0.0011981,              0.0011981
                     84,                 1.1255,                0.67128,                 1.1566,                0.86696,                0.49315,                0.64002,                0.27138,                 2.2388,                 1.6297,                 1.9706,              0.0011882,              0.0011882,              0.0011882
                     85,                 1.1514,                0.65382,                 1.1958,                0.72677,                0.61947,                0.68185,                0.28181,                 2.2394,                  1.581,                 1.9109,              0.0011783,              0.0011783,              0.0011783
                     86,                 1.1351,                0.66852,                 1.1904,                 0.6958,                0.62669,                0.66144,                 0.2672,                 2.2574,                 1.6453,                 1.8798,              0.0011684,              0.0011684,              0.0011684
                     87,                 1.1672,                0.70391,                 1.1841,                0.73897,                0.46536,                0.54784,                0.22542,                 2.3185,                 1.7656,                 1.9586,              0.0011585,              0.0011585,              0.0011585
                     88,                  1.197,                0.71235,                 1.1879,                0.65781,                0.44773,                 0.5046,                 0.2099,                 2.2974,                 1.7033,                 1.9261,              0.0011486,              0.0011486,              0.0011486
                     89,                 1.1513,                0.73384,                 1.1903,                0.66303,                0.52055,                0.53746,                0.21541,                 2.2833,                 1.5393,                 1.9112,              0.0011387,              0.0011387,              0.0011387
                     90,                 1.1914,                0.72337,                 1.1919,                0.57079,                0.60274,                0.60603,                0.22552,                 2.3083,                 1.5954,                 1.9529,              0.0011288,              0.0011288,              0.0011288
                     91,                  1.066,                0.68132,                 1.1492,                0.75161,                0.53425,                0.64521,                0.25625,                 2.2509,                 1.5379,                 1.9233,              0.0011189,              0.0011189,              0.0011189
                     92,                 1.1652,                0.70361,                 1.2171,                0.76156,                0.52508,                0.61954,                0.25109,                 2.2403,                 1.5584,                 1.8835,               0.001109,               0.001109,               0.001109
                     93,                 1.1106,                0.70298,                 1.1896,                0.82528,                0.54795,                0.66091,                0.26739,                 2.2398,                 1.5221,                 1.8842,              0.0010991,              0.0010991,              0.0010991
                     94,                 1.0882,                0.66184,                 1.1231,                0.73476,                0.58904,                0.68269,                 0.2546,                 2.2761,                 1.4093,                 2.0046,              0.0010892,              0.0010892,              0.0010892
                     95,                 1.0728,                0.65386,                 1.1484,                 0.7346,                0.64457,                0.68749,                0.26731,                 2.2113,                 1.3683,                 1.9721,              0.0010793,              0.0010793,              0.0010793
                     96,                 1.1651,                0.75605,                 1.1977,                0.66488,                0.65233,                0.67579,                0.27589,                  2.198,                 1.4122,                 1.9522,              0.0010694,              0.0010694,              0.0010694
                     97,                 1.0281,                0.65098,                 1.1357,                0.68781,                0.60362,                0.67913,                0.26996,                 2.2161,                 1.4266,                 1.9886,              0.0010595,              0.0010595,              0.0010595
                     98,                 1.0933,                0.65003,                 1.1072,                0.76731,                0.58727,                0.66316,                0.28249,                 2.2039,                 1.4036,                 1.9777,              0.0010496,              0.0010496,              0.0010496
                     99,                 1.0603,                0.65648,                 1.1169,                0.79687,                0.59115,                0.67265,                0.29076,                 2.1601,                 1.3311,                 1.9151,              0.0010397,              0.0010397,              0.0010397
                    100,                 1.0904,                0.67648,                 1.1745,                0.79619,                0.65753,                0.71719,                0.29631,                 2.1137,                 1.4181,                  1.792,              0.0010298,              0.0010298,              0.0010298
                    101,                0.97895,                0.61558,                 1.0655,                0.80901,                0.63834,                0.72033,                0.31482,                 2.1322,                 1.5068,                 1.8024,              0.0010199,              0.0010199,              0.0010199
                    102,                0.98028,                0.61447,                  1.088,                0.79606,                0.64167,                0.71648,                0.31187,                  2.165,                 1.5302,                 1.8236,                0.00101,                0.00101,                0.00101
                    103,                 1.0029,                0.60361,                  1.113,                0.72599,                0.63014,                0.70366,                 0.3033,                 2.1224,                  1.507,                 1.7916,              0.0010001,              0.0010001,              0.0010001
                    104,                 1.0372,                0.62675,                 1.1132,                0.87154,                 0.5577,                0.69246,                 0.2895,                 2.1194,                 1.4941,                 1.8305,              0.0009902,              0.0009902,              0.0009902
                    105,                 1.0456,                0.64571,                 1.1797,                0.73414,                0.63014,                  0.675,                0.27444,                  2.132,                 1.6103,                  1.856,              0.0009803,              0.0009803,              0.0009803
                    106,                 1.0392,                0.64632,                 1.1554,                0.79439,                0.57534,                0.65653,                0.27075,                 2.1817,                 1.5929,                 1.9301,              0.0009704,              0.0009704,              0.0009704
                    107,                 1.0559,                 0.6612,                 1.1618,                 0.8415,                0.58191,                0.67302,                 0.2838,                 2.1361,                 1.5914,                 1.8719,              0.0009605,              0.0009605,              0.0009605
                    108,                0.96838,                0.60436,                 1.1094,                0.81193,                0.63014,                0.70673,                0.29227,                 2.1447,                 1.4986,                 1.9043,              0.0009506,              0.0009506,              0.0009506
                    109,                0.96842,                0.57147,                 1.0792,                0.84931,                0.57534,                0.68628,                0.30145,                 2.1215,                 1.4323,                 1.8916,              0.0009407,              0.0009407,              0.0009407
                    110,                0.94647,                0.58409,                 1.0717,                 0.7686,                0.64384,                0.69968,                0.29091,                 2.2121,                 1.3827,                 1.9401,              0.0009308,              0.0009308,              0.0009308
                    111,                0.96158,                0.59139,                 1.1153,                0.81304,                0.59578,                0.68344,                0.28376,                 2.2298,                 1.4453,                 1.9384,              0.0009209,              0.0009209,              0.0009209
                    112,                 0.9602,                0.57894,                 1.0883,                0.79398,                0.58077,                0.69282,                0.27934,                 2.2626,                 1.6503,                 1.9537,               0.000911,               0.000911,               0.000911
                    113,                0.96926,                0.57562,                 1.0963,                0.84095,                0.54795,                0.70615,                0.28663,                 2.2055,                  1.745,                 1.9106,              0.0009011,              0.0009011,              0.0009011
                    114,                0.98486,                0.58496,                 1.1232,                0.89746,                0.52055,                0.67517,                0.28951,                 2.2055,                 1.8405,                 1.9178,              0.0008912,              0.0008912,              0.0008912
                    115,                0.98562,                 0.6106,                  1.065,                0.92118,                0.54795,                 0.6887,                0.28856,                 2.1906,                 1.7186,                 1.9305,              0.0008813,              0.0008813,              0.0008813
                    116,                0.95454,                0.58997,                  1.062,                0.85222,                0.53425,                0.67073,                0.29553,                 2.1454,                  1.408,                 1.9389,              0.0008714,              0.0008714,              0.0008714
                    117,                0.93122,                0.56534,                 1.0941,                0.79577,                0.56164,                0.70189,                0.31018,                 2.1169,                 1.3811,                 1.9101,              0.0008615,              0.0008615,              0.0008615
                    118,                0.91807,                0.57033,                 1.0598,                0.72244,                0.64384,                0.73723,                0.32921,                 2.1086,                 1.3343,                 1.8659,              0.0008516,              0.0008516,              0.0008516
                    119,                 0.9825,                0.59141,                 1.0776,                0.86634,                0.57534,                0.74488,                0.33002,                 2.1348,                 1.2702,                 1.8878,              0.0008417,              0.0008417,              0.0008417
                    120,                0.91142,                 0.5634,                 1.0659,                0.88901,                0.58904,                0.73772,                0.29846,                  2.218,                 1.2538,                  1.987,              0.0008318,              0.0008318,              0.0008318
                    121,                0.87406,                0.55034,                 1.0265,                0.82631,                0.58656,                 0.7035,                0.28159,                 2.2183,                 1.2996,                 1.9747,              0.0008219,              0.0008219,              0.0008219
                    122,                0.87147,                0.53556,                 1.0394,                0.73202,                0.63014,                0.71661,                0.28776,                 2.1906,                 1.2612,                 1.9256,               0.000812,               0.000812,               0.000812
                    123,                0.85725,                0.53993,                 1.0254,                0.74144,                0.58904,                0.72678,                0.29989,                 2.1936,                  1.275,                 1.9339,              0.0008021,              0.0008021,              0.0008021
                    124,                 0.8729,                0.53226,                 1.0289,                0.69368,                0.71233,                0.73636,                0.30508,                 2.1341,                 1.3254,                 1.8679,              0.0007922,              0.0007922,              0.0007922
                    125,                0.86339,                0.54422,                 1.0625,                0.71178,                0.69863,                0.73028,                 0.2992,                 2.1244,                 1.3259,                 1.8855,              0.0007823,              0.0007823,              0.0007823
                    126,                0.85661,                0.55186,                 1.0392,                0.76015,                0.65753,                0.74157,                0.30853,                 2.1299,                 1.3256,                  1.889,              0.0007724,              0.0007724,              0.0007724
                    127,                0.82305,                 0.5399,                0.99175,                0.71517,                0.71233,                0.75677,                0.29566,                 2.1264,                 1.3359,                 1.8889,              0.0007625,              0.0007625,              0.0007625
                    128,                0.84492,                0.52095,                 1.0266,                 0.7432,                0.63014,                0.73916,                 0.2908,                 2.1667,                   1.45,                 1.9139,              0.0007526,              0.0007526,              0.0007526
                    129,                0.87635,                0.54417,                 1.0514,                0.72115,                0.58904,                0.69518,                0.28801,                 2.1659,                  1.438,                 1.8914,              0.0007427,              0.0007427,              0.0007427
                    130,                0.88674,                0.54402,                 1.0374,                0.84331,                0.52055,                0.68741,                0.29063,                 2.1847,                 1.4704,                 1.8929,              0.0007328,              0.0007328,              0.0007328
                    131,                0.86087,                0.54174,                 1.0293,                0.74928,                0.63014,                 0.7293,                0.30246,                 2.1605,                 1.4974,                 1.9111,              0.0007229,              0.0007229,              0.0007229
                    132,                0.89915,                 0.5353,                 1.0756,                0.81352,                0.61644,                0.72831,                0.30767,                 2.1768,                 1.5085,                 1.9322,               0.000713,               0.000713,               0.000713
                    133,                0.82033,                0.50722,                0.98999,                0.81203,                0.58904,                0.73193,                0.31521,                 2.1804,                 1.4942,                 1.9258,              0.0007031,              0.0007031,              0.0007031
                    134,                 0.7725,                 0.4805,                0.97549,                0.83486,                0.61644,                0.73094,                0.28769,                  2.174,                 1.5401,                 1.9224,              0.0006932,              0.0006932,              0.0006932
                    135,                0.79079,                0.51328,                 1.0066,                0.89551,                0.57534,                0.72555,                 0.2847,                 2.1566,                 1.4964,                 1.9361,              0.0006833,              0.0006833,              0.0006833
                    136,                0.82135,                0.52717,                 1.0039,                0.75914,                0.64384,                0.70471,                 0.2833,                 2.1529,                 1.4358,                 1.9415,              0.0006734,              0.0006734,              0.0006734
                    137,                0.81783,                 0.4981,                 1.0296,                0.75891,                0.64384,                0.70732,                0.27986,                 2.1551,                  1.447,                 1.9413,              0.0006635,              0.0006635,              0.0006635
                    138,                0.80963,                 0.4992,                 1.0015,                0.81333,                0.56164,                0.66681,                0.28575,                 2.1811,                 1.3578,                 1.9313,              0.0006536,              0.0006536,              0.0006536
                    139,                0.78036,                0.51694,                   1.01,                0.74439,                0.58904,                0.67365,                0.28467,                 2.2005,                 1.3551,                 1.9167,              0.0006437,              0.0006437,              0.0006437
                    140,                0.78988,                0.52606,                 1.0043,                 0.6709,                0.64232,                0.69092,                 0.2929,                 2.1772,                 1.4063,                 1.9061,              0.0006338,              0.0006338,              0.0006338
                    141,                0.83918,                0.51439,                 1.0282,                0.68785,                0.60374,                0.70369,                0.29894,                 2.1887,                 1.4597,                 1.9221,              0.0006239,              0.0006239,              0.0006239
                    142,                0.78642,                0.49705,                 1.0183,                 0.8556,                0.52055,                0.69742,                0.29951,                 2.1986,                  1.601,                 1.9109,               0.000614,               0.000614,               0.000614
                    143,                0.74709,                0.47004,                0.98374,                0.76038,                0.60274,                0.73228,                0.31015,                  2.184,                  1.627,                 1.9081,              0.0006041,              0.0006041,              0.0006041
                    144,                0.79691,                0.51016,                 1.0283,                0.85904,                0.58904,                0.72514,                 0.3138,                 2.1898,                 1.6326,                 1.9561,              0.0005942,              0.0005942,              0.0005942
                    145,                0.81243,                0.52048,                 1.0412,                0.79998,                0.60265,                0.73246,                0.31891,                 2.1798,                 1.5957,                 1.9573,              0.0005843,              0.0005843,              0.0005843
                    146,                0.76558,                0.49698,                 0.9882,                0.72321,                0.60852,                0.69858,                  0.306,                 2.1853,                 1.6922,                 1.9376,              0.0005744,              0.0005744,              0.0005744
                    147,                0.76453,                0.49533,                  1.002,                0.71567,                0.62068,                0.70158,                0.30508,                 2.1887,                 1.7365,                 1.9569,              0.0005645,              0.0005645,              0.0005645
                    148,                0.74748,                0.47589,                0.98484,                0.66108,                0.56164,                0.64477,                0.29124,                 2.1469,                 1.7565,                 1.9666,              0.0005546,              0.0005546,              0.0005546
                    149,                0.81937,                0.52945,                 1.0096,                0.66271,                0.53425,                0.64821,                 0.2878,                  2.132,                 1.7516,                 1.9584,              0.0005447,              0.0005447,              0.0005447
                    150,                0.73427,                0.46471,                0.99757,                0.76419,                0.53275,                0.64955,                0.30387,                 2.1211,                 1.7173,                  1.922,              0.0005348,              0.0005348,              0.0005348
                    151,                0.76862,                0.47758,                0.99692,                0.83844,                0.54795,                0.69679,                0.30804,                 2.1359,                 1.6993,                 1.9224,              0.0005249,              0.0005249,              0.0005249
                    152,                0.76831,                0.48223,                0.97643,                0.83617,                0.57534,                0.71825,                  0.318,                  2.158,                  1.562,                 1.9296,               0.000515,               0.000515,               0.000515
                    153,                0.71775,                0.46702,                0.99656,                0.80564,                0.58904,                0.71901,                0.32739,                 2.1415,                 1.4568,                 1.9211,              0.0005051,              0.0005051,              0.0005051
                    154,                0.70885,                0.45948,                0.95494,                0.83831,                0.56164,                0.73204,                 0.3287,                 2.1189,                 1.3132,                 1.9112,              0.0004952,              0.0004952,              0.0004952
                    155,                 0.7012,                0.45552,                0.96179,                 0.7034,                0.63014,                0.71859,                0.32796,                 2.1145,                 1.2332,                 1.9105,              0.0004853,              0.0004853,              0.0004853
                    156,                0.69575,                 0.4571,                0.95985,                0.71546,                0.65753,                0.71917,                 0.3176,                 2.1216,                 1.2217,                 1.9277,              0.0004754,              0.0004754,              0.0004754
                    157,                0.73131,                0.48029,                0.98881,                 0.7762,                0.64384,                0.73207,                0.30521,                 2.1293,                  1.257,                 1.9491,              0.0004655,              0.0004655,              0.0004655
                    158,                0.73049,                0.48284,                0.97488,                0.75979,                0.63014,                0.70782,                0.30091,                 2.1536,                 1.3899,                 1.9835,              0.0004556,              0.0004556,              0.0004556
                    159,                0.71004,                0.44889,                 1.0006,                0.76628,                0.65753,                0.70351,                0.30467,                  2.155,                 1.4279,                 1.9904,              0.0004457,              0.0004457,              0.0004457
                    160,                0.67095,                 0.4453,                0.94059,                 0.7778,                0.62343,                0.69927,                0.30188,                 2.1748,                 1.5227,                 1.9999,              0.0004358,              0.0004358,              0.0004358
                    161,                0.70402,                0.44915,                0.97164,                0.76366,                0.63014,                0.70699,                0.30415,                 2.1789,                  1.503,                 2.0042,              0.0004259,              0.0004259,              0.0004259
                    162,                0.70461,                0.45782,                0.97974,                0.73367,                0.63014,                0.69279,                0.30229,                 2.1889,                 1.4605,                  2.014,               0.000416,               0.000416,               0.000416
                    163,                0.70734,                0.43133,                0.97435,                0.72252,                0.61644,                0.69273,                0.31142,                   2.18,                 1.4746,                 1.9869,              0.0004061,              0.0004061,              0.0004061
                    164,                0.65046,                0.41367,                0.94399,                 0.6597,                0.58427,                0.68102,                0.31416,                 2.1871,                 1.5494,                 1.9652,              0.0003962,              0.0003962,              0.0003962
                    165,                 0.6843,                0.44712,                0.96199,                0.65934,                0.58904,                0.68784,                0.30819,                 2.1862,                 1.5682,                 1.9688,              0.0003863,              0.0003863,              0.0003863
                    166,                0.67466,                0.43002,                0.95545,                 0.6911,                0.61299,                0.70509,                0.29784,                 2.1907,                 1.6623,                 1.9781,              0.0003764,              0.0003764,              0.0003764
                    167,                0.66092,                0.44754,                 0.9496,                0.71294,                0.54441,                0.66629,                0.29602,                 2.1893,                 1.7016,                 1.9734,              0.0003665,              0.0003665,              0.0003665
                    168,                0.66292,                0.42681,                0.94001,                0.70482,                0.52055,                0.62922,                0.28726,                 2.1699,                 1.7521,                 1.9594,              0.0003566,              0.0003566,              0.0003566
                    169,                0.68996,                0.42951,                0.95098,                0.78037,                0.49315,                0.62694,                0.28714,                 2.1639,                 1.7849,                 1.9499,              0.0003467,              0.0003467,              0.0003467
